#header,#Function,Value_1,length_1,Value_2,length_2,A_1(ax+b),B_1(ax+b),A_2(ax+b),B_2(ax+b),round_1,round_2
#break,#input_section,,,,,,,,,,
#In,Switch_Diag,State,1,null,0,1.00000000000000000000,0,1.00000000000000000000,0,0,0
#In,Switch_PNSW,State,1,null,0,1.00000000000000000000,0,1.00000000000000000000,0,0,0
#In,IGN_V,V,2,null,0,0.02502443792766370000,0,1.00000000000000000000,0,2,0
#In,TPS,V,2,null,0,0.00488758553274682000,0,1.00000000000000000000,0,3,0
#In,MAP,V,2,null,0,0.00488758553274682000,0,1.00000000000000000000,0,3,0
#In,MAT,V,2,null,0,0.00488758553274682000,0,1.00000000000000000000,0,3,0
#In,CLT,V,2,null,0,0.00488758553274682000,0,1.00000000000000000000,0,3,0
#In,O2_B,V,2,null,0,0.00488758553274682000,0,1.00000000000000000000,0,3,0
#In,O2_A,V,2,null,0,0.00488758553274682000,0,1.00000000000000000000,0,3,0
#In,RLOVR,V,2,null,0,0.00488758553274682000,0,1.00000000000000000000,0,3,0
#In,VSS,Hz,2,null,0,0.25000000000000000000,0,1.00000000000000000000,0,1,0
#In,RPM,rpm,2,null,0,0.25000000000000000000,0,1.00000000000000000000,0,0,0
#break,#output_section,,,,,,,,,,
#Out,Spark_coil_1,mS,2,A,2,0.00800000000000000000,0,0.24437927663734100000,0,3,1
#Out,Spark_coil_2,mS,2,A,2,0.00800000000000000000,0,0.24437927663734100000,0,3,1
#Out,Injector_1,mS,4,Fault,1,0.00100000000000000000,0,1.00000000000000000000,0,3,0
#Out,Injector_2,mS,4,Fault,1,0.00100000000000000000,0,1.00000000000000000000,0,3,0
#Out,O2_heater,%,2,Fault,1,0.00305175781250000000,0,1.00000000000000000000,0,1,0
#Out,CCP,%,2,Fault,1,0.00305175781250000000,0,1.00000000000000000000,0,1,0
#Out,FPR,%,2,Fault,1,0.00305175781250000000,0,1.00000000000000000000,0,1,0
#Out,MIL,State,1,Fault,1,1.00000000000000000000,0,1.00000000000000000000,0,0,0
#Out,TACH,State,1,Fault,1,1.00000000000000000000,0,1.00000000000000000000,0,0,0
#break,#com_section,,,,,,,,,,
#com,CAN1,HEX,8,null,0,1.00000000000000000000,0,1.00000000000000000000,0,0,0
#com,K-line,HEX,2,null,0,1.00000000000000000000,0,1.00000000000000000000,0,0,0
#SUM,#SUM,63,52,,11,,,,,,
